image name,label
#cloth mask#_0.jpg,0
#cloth mask#_1.jpg,0
#cloth mask#_10.jpg,0
#cloth mask#_100.jpg,0
#cloth mask#_103.jpg,0
#cloth mask#_104.jpg,0
#cloth mask#_106.jpg,0
#cloth mask#_108.jpg,0
#cloth mask#_109.jpg,0
#cloth mask#_11.jpg,0
#cloth mask#_110.jpg,0
#cloth mask#_111.jpg,0
#cloth mask#_116.jpg,0
#cloth mask#_12.jpg,0
#cloth mask#_121.jpg,0
#cloth mask#_122.jpg,0
#cloth mask#_124.jpg,0
#cloth mask#_127.jpg,0
#cloth mask#_128.jpg,0
#cloth mask#_13.jpg,0
#cloth mask#_130.jpg,0
#cloth mask#_131.jpg,0
#cloth mask#_133.jpg,0
#cloth mask#_134.jpg,0
#cloth mask#_135.jpg,0
#cloth mask#_136.jpg,0
#cloth mask#_14.jpg,0
#cloth mask#_141.jpg,0
#cloth mask#_146.jpg,0
#cloth mask#_147.jpg,0
#cloth mask#_148.jpg,0
#cloth mask#_149.jpg,0
#cloth mask#_15.jpg,0
#cloth mask#_151.jpg,0
#cloth mask#_153.jpg,0
#cloth mask#_158.jpg,0
#cloth mask#_165.jpg,0
#cloth mask#_167.jpg,0
#cloth mask#_176.jpg,0
#cloth mask#_180.jpg,0
#cloth mask#_182.jpg,0
#cloth mask#_192.jpg,0
#cloth mask#_197.jpg,0
#cloth mask#_2.jpg,0
#cloth mask#_201.jpg,0
#cloth mask#_202.jpg,0
#cloth mask#_204.jpg,0
#cloth mask#_208.jpg,0
#cloth mask#_213.jpg,0
#cloth mask#_218.jpg,0
#cloth mask#_220.jpg,0
#cloth mask#_231.jpg,0
#cloth mask#_232.jpg,0
#cloth mask#_234.jpg,0
#cloth mask#_235.jpg,0
#cloth mask#_237.jpg,0
#cloth mask#_238.jpg,0
#cloth mask#_245.jpg,0
#cloth mask#_250.jpg,0
#cloth mask#_256.jpg,0
#cloth mask#_29.jpg,0
#cloth mask#_298.jpg,0
#cloth mask#_30.jpg,0
#cloth mask#_31.jpg,0
#cloth mask#_315.jpg,0
#cloth mask#_316.jpg,0
#cloth mask#_32.jpg,0
#cloth mask#_33.jpg,0
#cloth mask#_339.jpg,0
#cloth mask#_340.jpg,0
#cloth mask#_36.jpg,0
#cloth mask#_365.jpg,0
#cloth mask#_367.jpg,0
#cloth mask#_369.jpg,0
#cloth mask#_39.jpg,0
#cloth mask#_398.jpg,0
#cloth mask#_4.jpg,0
#cloth mask#_40.jpg,0
#cloth mask#_408.jpg,0
#cloth mask#_41.jpg,0
#cloth mask#_42.jpg,0
#cloth mask#_432.jpg,0
#cloth mask#_44.jpg,0
#cloth mask#_45.jpg,0
#cloth mask#_47.jpg,0
#cloth mask#_48.jpg,0
#cloth mask#_49.jpg,0
#cloth mask#_5.jpg,0
#cloth mask#_50.jpg,0
#cloth mask#_51.jpg,0
#cloth mask#_514.jpg,0
#cloth mask#_53.jpg,0
#cloth mask#_54.jpg,0
#cloth mask#_548.jpg,0
#cloth mask#_56.jpg,0
#cloth mask#_57.jpg,0
#cloth mask#_573.jpg,0
#cloth mask#_574.jpg,0
#cloth mask#_6.jpg,0
#cloth mask#_61.jpg,0
#cloth mask#_62.jpg,0
#cloth mask#_63.jpg,0
#cloth mask#_64.jpg,0
#cloth mask#_65.jpg,0
#cloth mask#_66.jpg,0
#cloth mask#_68.jpg,0
#cloth mask#_69.jpg,0
#cloth mask#_7.jpg,0
#cloth mask#_71.jpg,0
#cloth mask#_72.jpg,0
#cloth mask#_74.jpg,0
#cloth mask#_76.jpg,0
#cloth mask#_77.jpg,0
#cloth mask#_78.jpg,0
#cloth mask#_79.jpg,0
#cloth mask#_8.jpg,0
#cloth mask#_80.jpg,0
#cloth mask#_81.jpg,0
#cloth mask#_82.jpg,0
#cloth mask#_84.jpg,0
#cloth mask#_86.jpg,0
#cloth mask#_87.jpg,0
#cloth mask#_88.jpg,0
#cloth mask#_89.jpg,0
#cloth mask#_90.jpg,0
#cloth mask#_92.jpg,0
#cloth mask#_94.jpg,0
#cloth mask#_95.jpg,0
#cloth mask#_96.jpg,0
#cloth mask#_97.jpg,0
#cloth mask#_98.jpg,0
#cloth mask#_99.jpg,0
#cloth mask_2#_0.jpg,0
#cloth mask_2#_1.jpg,0
#cloth mask_2#_10.jpg,0
#cloth mask_2#_100.jpg,0
#cloth mask_2#_101.jpg,0
#cloth mask_2#_102.jpg,0
#cloth mask_2#_104.jpg,0
#cloth mask_2#_105.jpg,0
#cloth mask_2#_106.jpg,0
#cloth mask_2#_109.jpg,0
#cloth mask_2#_112.jpg,0
#cloth mask_2#_113.jpg,0
#cloth mask_2#_115.jpg,0
#cloth mask_2#_116.jpg,0
#cloth mask_2#_120.jpg,0
#cloth mask_2#_121.jpg,0
#cloth mask_2#_125.jpg,0
#cloth mask_2#_126.jpg,0
#cloth mask_2#_127.jpg,0
#cloth mask_2#_13.jpg,0
#cloth mask_2#_131.jpg,0
#cloth mask_2#_132.jpg,0
#cloth mask_2#_133.jpg,0
#cloth mask_2#_135.jpg,0
#cloth mask_2#_140.jpg,0
#cloth mask_2#_141.jpg,0
#cloth mask_2#_143.jpg,0
#cloth mask_2#_144.jpg,0
#cloth mask_2#_146.jpg,0
#cloth mask_2#_151.jpg,0
#cloth mask_2#_152.jpg,0
#cloth mask_2#_153.jpg,0
#cloth mask_2#_154.jpg,0
#cloth mask_2#_157.jpg,0
#cloth mask_2#_159.jpg,0
#cloth mask_2#_168.jpg,0
#cloth mask_2#_169.jpg,0
#cloth mask_2#_171.jpg,0
#cloth mask_2#_174.jpg,0
#cloth mask_2#_178.jpg,0
#cloth mask_2#_185.jpg,0
#cloth mask_2#_187.jpg,0
#cloth mask_2#_19.jpg,0
#cloth mask_2#_191.jpg,0
#cloth mask_2#_194.jpg,0
#cloth mask_2#_197.jpg,0
#cloth mask_2#_198.jpg,0
#cloth mask_2#_199.jpg,0
#cloth mask_2#_2.jpg,0
#cloth mask_2#_201.jpg,0
#cloth mask_2#_205.jpg,0
#cloth mask_2#_207.jpg,0
#cloth mask_2#_209.jpg,0
#cloth mask_2#_216.jpg,0
#cloth mask_2#_217.jpg,0
#cloth mask_2#_221.jpg,0
#cloth mask_2#_23.jpg,0
#cloth mask_2#_232.jpg,0
#cloth mask_2#_235.jpg,0
#cloth mask_2#_238.jpg,0
#cloth mask_2#_24.jpg,0
#cloth mask_2#_241.jpg,0
#cloth mask_2#_242.jpg,0
#cloth mask_2#_243.jpg,0
#cloth mask_2#_245.jpg,0
#cloth mask_2#_246.jpg,0
#cloth mask_2#_248.jpg,0
#cloth mask_2#_25.jpg,0
#cloth mask_2#_251.jpg,0
#cloth mask_2#_254.jpg,0
#cloth mask_2#_256.jpg,0
#cloth mask_2#_259.jpg,0
#cloth mask_2#_26.jpg,0
#cloth mask_2#_264.jpg,0
#cloth mask_2#_265.jpg,0
#cloth mask_2#_266.jpg,0
#cloth mask_2#_268.jpg,0
#cloth mask_2#_27.jpg,0
#cloth mask_2#_270.jpg,0
#cloth mask_2#_285.jpg,0
#cloth mask_2#_29.jpg,0
#cloth mask_2#_298.jpg,0
#cloth mask_2#_3.jpg,0
#cloth mask_2#_302.jpg,0
#cloth mask_2#_309.jpg,0
#cloth mask_2#_31.jpg,0
#cloth mask_2#_316.jpg,0
#cloth mask_2#_329.jpg,0
#cloth mask_2#_330.jpg,0
#cloth mask_2#_333.jpg,0
#cloth mask_2#_334.jpg,0
#cloth mask_2#_336.jpg,0
#cloth mask_2#_339.jpg,0
#cloth mask_2#_34.jpg,0
#cloth mask_2#_350.jpg,0
#cloth mask_2#_358.jpg,0
#cloth mask_2#_360.jpg,0
#cloth mask_2#_374.jpg,0
#cloth mask_2#_376.jpg,0
#cloth mask_2#_391.jpg,0
#cloth mask_2#_4.jpg,0
#cloth mask_2#_44.jpg,0
#cloth mask_2#_446.jpg,0
#cloth mask_2#_45.jpg,0
#cloth mask_2#_46.jpg,0
#cloth mask_2#_465.jpg,0
#cloth mask_2#_482.jpg,0
#cloth mask_2#_506.jpg,0
#cloth mask_2#_51.jpg,0
#cloth mask_2#_548.jpg,0
#cloth mask_2#_56.jpg,0
#cloth mask_2#_569.jpg,0
#cloth mask_2#_57.jpg,0
#cloth mask_2#_59.jpg,0
#cloth mask_2#_6.jpg,0
#cloth mask_2#_69.jpg,0
#cloth mask_2#_7.jpg,0
#cloth mask_2#_70.jpg,0
#cloth mask_2#_72.jpg,0
#cloth mask_2#_73.jpg,0
#cloth mask_2#_74.jpg,0
#cloth mask_2#_76.jpg,0
#cloth mask_2#_78.jpg,0
#cloth mask_2#_8.jpg,0
#cloth mask_2#_80.jpg,0
#cloth mask_2#_82.jpg,0
#cloth mask_2#_84.jpg,0
#cloth mask_2#_85.jpg,0
#cloth mask_2#_94.jpg,0
#cloth mask_2#_97.jpg,0
#cloth mask_2#_99.jpg,0
#FFP22#_124.jpg,0
0018.jpg,0
0043.jpg,0
0054.jpg,0
0063.jpg,0
0069.jpg,0
0116.png,0
0126.jpg,0
0168.png,0
0171.jpg,0
0173.jpg,0
0216.jpg,0
0250.png,0
0258.jpg,0
0294.jpg,0
0309.jpg,0
0323.jpg,0
0343.jpg,0
0376.png,0
0387.png,0
0417.jpg,0
0418.jpg,0
0427.jpg,0
0474.png,0
0488.jpg,0
0493.jpg,0
0501.png,0
0502.png,0
0503.png,0
0505.jpg,0
0509.png,0
0514.png,0
0515.png,0
0528.png,0
0655.jpg,0
0726.jpg,0
0727.jpg,0
0731.jpg,0
0772.jpg,0
0773.jpg,0
0805.jpg,0
0820.jpg,0
0839.jpg,0
0862.jpg,0
0864.jpg,0
0932.jpg,0
0978.jpg,0
1002.jpg,0
1004.jpg,0
1036.png,0
1037.png,0
1054.jpg,0
1070.png,0
1107.jpg,0
1110.jpg,0
1112.jpg,0
1137.jpg,0
1143.jpg,0
1144.jpg,0
1173.jpg,0
1277.jpg,0
1290.jpg,0
1321.png,0
1338.jpg,0
1339.jpg,0
1453.jpg,0
1487.jpg,0
1497.jpg,0
1505.jpg,0
1517.jpg,0
1518.jpg,0
1523.jpg,0
1527.jpg,0
1577.jpg,0
1595.jpg,0
1631.jpg,0
1660.jpg,0
1689.jpg,0
1702.jpg,0
1727.jpg,0
1758.jpg,0
1773.jpg,0
1797.jpg,0
1818.jpg,0
1826.jpg,0
1829.jpg,0
1875.jpg,0
1919.jpg,0
1976.jpg,0
2005.jpg,0
2028.jpg,0
2049.jpg,0
2070.jpg,0
2072.jpg,0
2082.jpg,0
2083.jpg,0
2132.jpg,0
2158.png,0
2165.png,0
2166.png,0
2167.png,0
2172.png,0
2173.png,0
2176.png,0
2178.png,0
2179.png,0
2192.png,0
2193.png,0
2205.png,0
2225.png,0
2233.png,0
2264.png,0
2265.png,0
2271.png,0
2314.png,0
2315.png,0
2316.png,0
2321.png,0
2324.png,0
2328.png,0
2333.png,0
2339.png,0
2340.png,0
2385.png,0
2393.png,0
2403.png,0
2434.png,0
2478.png,0
2523.png,0
2525.png,0
2530.png,0
2533.png,0
2534.png,0
2577.png,0
2579.png,0
2598.png,0
2638.png,0
2767.png,0
2771.png,0
2772.png,0
2833.png,0
2835.png,0
2836.png,0
2837.png,0
2844.png,0
2899.png,0
2902.png,0
2911.png,0
2912.png,0
2917.png,0
2925.png,0
2974.png,0
2985.png,0
3042.png,0
3043.png,0
3045.png,0
3046.png,0
3048.png,0
3051.png,0
3069.png,0
3099.png,0
3100.png,0
3101.png,0
3102.png,0
3105.png,0
3106.png,0
3107.png,0
3111.png,0
3112.png,0
3113.png,0
3134.png,0
3155.png,0
3162.png,0
3204.png,0
3216.png,0
3222.png,0
3231.png,0
3289.png,0
3328.png,0
3331.png,0
3340.png,0
3342.png,0
3388.png,0
3389.png,0
3390.png,0
3392.png,0
3394.png,0
3395.png,0
3396.png,0
3401.png,0
3429.png,0
3440.png,0
3446.png,0
3447.png,0
3452.png,0
3490.png,0
3491.png,0
3496.png,0
3497.png,0
3507.png,0
3526.png,0
3532.png,0
3533.png,0
3534.png,0
3536.png,0
3537.png,0
3540.png,0
3541.png,0
3542.png,0
3543.png,0
3544.png,0
3548.png,0
3553.png,0
3555.png,0
3556.png,0
3595.png,0
3609.png,0
3626.png,0
3627.png,0
3628.png,0
3646.png,0
3659.png,0
3662.png,0
3665.png,0
3669.png,0
3703.png,0
3711.png,0
3720.png,0
3743.png,0
3749.png,0
3750.png,0
3751.png,0
3755.png,0
3759.png,0
3760.png,0
3763.png,0
3764.png,0
3794.png,0
3795.png,0
3796.png,0
3801.png,0
3830.png,0
3838.png,0
3842.png,0
3848.png,0
3849.png,0
3850.png,0
3873.png,0
3884.png,0
3886.png,0
3925.png,0
3929.png,0
3947.png,0
3952.png,0
3995.png,0
3996.png,0
3997.png,0
4007.png,0
4008.png,0
4016.png,0
4029.png,0
4036.png,0
4103.png,0
4118.png,0
4124.png,0
4125.png,0
4126.png,0
4131.png,0
4147.png,0
4148.png,0
4152.png,0
4223.png,0
4224.png,0
4237.png,0
4238.png,0
4239.png,0
4254.png,0
4255.png,0
4260.png,0
4268.png,0
4285.png,0
4287.png,0
4332.png,0
4341.png,0
4342.png,0
4348.png,0
4349.png,0
4366.png,0
4370.png,0
4375.png,0
4387.png,0
4392.png,0
4393.png,0
4420.png,0
4432.png,0
4490.png,0
4526.png,0
4545.png,0
4559.png,0
4560.png,0
4572.png,0
4598.png,0
4611.png,0
4616.png,0
4692.png,0
4717.png,0
4733.png,0
4742.png,0
4743.png,0
4852.png,0
4881.png,0
4899.png,0
4911.png,0
4913.png,0
4971.png,0
4987.png,0
4991.jpg,0
5111.jpg,0
5126.jpg,0
5233.jpg,0
5344.jpg,0
5464.jpg,0
5560.jpg,0
6434.jpg,0
maksssksksss126.png,0
train_00003151.jpg,0
train_00003717.jpg,0
#FFP2#_10.jpg,1
#FFP2#_105.jpg,1
#FFP2#_109.jpg,1
#FFP2#_11.jpg,1
#FFP2#_110.jpg,1
#FFP2#_111.jpg,1
#FFP2#_114.jpg,1
#FFP2#_115.jpg,1
#FFP2#_126.png,1
#FFP2#_129.jpg,1
#FFP2#_13.jpg,1
#FFP2#_139.jpg,1
#FFP2#_14.jpg,1
#FFP2#_140.jpg,1
#FFP2#_141.jpg,1
#FFP2#_142.jpg,1
#FFP2#_144.jpg,1
#FFP2#_147.jpg,1
#FFP2#_148.jpg,1
#FFP2#_150.jpg,1
#FFP2#_152.jpg,1
#FFP2#_154.jpg,1
#FFP2#_161.jpg,1
#FFP2#_162.jpg,1
#FFP2#_166.jpg,1
#FFP2#_17.jpg,1
#FFP2#_182.jpg,1
#FFP2#_185.jpg,1
#FFP2#_187.jpg,1
#FFP2#_19.jpg,1
#FFP2#_192.jpg,1
#FFP2#_193.jpg,1
#FFP2#_198.jpg,1
#FFP2#_2.jpg,1
#FFP2#_202.jpg,1
#FFP2#_211.jpg,1
#FFP2#_216.jpg,1
#FFP2#_220.jpg,1
#FFP2#_224.jpg,1
#FFP2#_230.jpg,1
#FFP2#_233.png,1
#FFP2#_235.png,1
#FFP2#_246.jpg,1
#FFP2#_247.jpg,1
#FFP2#_248.jpg,1
#FFP2#_250.jpg,1
#FFP2#_251.jpg,1
#FFP2#_252.jpg,1
#FFP2#_253.jpg,1
#FFP2#_255.jpg,1
#FFP2#_257.jpg,1
#FFP2#_272.jpg,1
#FFP2#_290.jpg,1
#FFP2#_296.jpg,1
#FFP2#_297.jpg,1
#FFP2#_299.jpg,1
#FFP2#_3.jpg,1
#FFP2#_317.jpg,1
#FFP2#_318.jpg,1
#FFP2#_323.jpg,1
#FFP2#_324.jpg,1
#FFP2#_330.jpg,1
#FFP2#_350.jpg,1
#FFP2#_352.jpg,1
#FFP2#_36.jpg,1
#FFP2#_362.png,1
#FFP2#_382.png,1
#FFP2#_386.jpg,1
#FFP2#_403.jpg,1
#FFP2#_414.jpg,1
#FFP2#_420.jpg,1
#FFP2#_421.jpg,1
#FFP2#_424.jpg,1
#FFP2#_457.jpg,1
#FFP2#_460.jpg,1
#FFP2#_461.jpg,1
#FFP2#_466.jpg,1
#FFP2#_468.jpg,1
#FFP2#_477.jpg,1
#FFP2#_492.jpg,1
#FFP2#_513.jpg,1
#FFP2#_52.jpg,1
#FFP2#_525.jpg,1
#FFP2#_526.jpg,1
#FFP2#_542.jpg,1
#FFP2#_558.jpg,1
#FFP2#_585.png,1
#FFP2#_59.jpg,1
#FFP2#_66.jpg,1
#FFP2#_67.jpg,1
#FFP2#_7.jpg,1
#FFP2#_71.jpg,1
#FFP2#_73.jpg,1
#FFP2#_757.jpg,1
#FFP2#_777.jpg,1
#FFP2#_79.jpg,1
#FFP2#_806.jpg,1
#FFP2#_819.jpg,1
#FFP2#_82.png,1
#FFP2#_83.jpg,1
#FFP2#_85.jpg,1
#FFP2#_865.png,1
#FFP2#_87.jpg,1
#FFP2#_9.jpg,1
#FFP2#_91.jpg,1
#FFP2#_96.jpg,1
#FFP22#_106.jpg,1
#FFP22#_11.jpg,1
#FFP22#_110.jpg,1
#FFP22#_119.jpg,1
#FFP22#_120.jpg,1
#FFP22#_122.jpg,1
#FFP22#_138.jpg,1
#FFP22#_14.jpg,1
#FFP22#_145.jpg,1
#FFP22#_146.jpg,1
#FFP22#_15.jpg,1
#FFP22#_166.jpg,1
#FFP22#_175.jpg,1
#FFP22#_179.jpg,1
#FFP22#_180.jpg,1
#FFP22#_182.jpg,1
#FFP22#_183.jpg,1
#FFP22#_199.jpg,1
#FFP22#_2.jpg,1
#FFP22#_20.jpg,1
#FFP22#_202.jpg,1
#FFP22#_21.jpg,1
#FFP22#_219.jpg,1
#FFP22#_22.jpg,1
#FFP22#_220.jpg,1
#FFP22#_225.jpg,1
#FFP22#_23.jpg,1
#FFP22#_235.jpg,1
#FFP22#_247.jpg,1
#FFP22#_250.jpg,1
#FFP22#_274.jpg,1
#FFP22#_275.png,1
#FFP22#_3.jpg,1
#FFP22#_315.jpg,1
#FFP22#_321.jpg,1
#FFP22#_33.jpg,1
#FFP22#_35.jpg,1
#FFP22#_367.jpg,1
#FFP22#_370.jpg,1
#FFP22#_38.jpg,1
#FFP22#_384.jpg,1
#FFP22#_391.jpg,1
#FFP22#_395.jpg,1
#FFP22#_4.jpg,1
#FFP22#_40.jpg,1
#FFP22#_402.jpg,1
#FFP22#_409.jpg,1
#FFP22#_41.jpg,1
#FFP22#_412.jpg,1
#FFP22#_424.jpg,1
#FFP22#_428.jpg,1
#FFP22#_43.jpg,1
#FFP22#_435.jpg,1
#FFP22#_45.jpg,1
#FFP22#_458.jpg,1
#FFP22#_46.jpg,1
#FFP22#_47.jpg,1
#FFP22#_5.jpg,1
#FFP22#_50.jpg,1
#FFP22#_51.jpg,1
#FFP22#_53.jpg,1
#FFP22#_547.jpg,1
#FFP22#_55.jpg,1
#FFP22#_564.jpg,1
#FFP22#_579.jpg,1
#FFP22#_583.png,1
#FFP22#_59.jpg,1
#FFP22#_6.jpg,1
#FFP22#_60.jpg,1
#FFP22#_604.png,1
#FFP22#_609.jpg,1
#FFP22#_614.jpg,1
#FFP22#_656.png,1
#FFP22#_660.jpg,1
#FFP22#_669.jpg,1
#FFP22#_672.png,1
#FFP22#_687.jpg,1
#FFP22#_69.jpg,1
#FFP22#_7.jpg,1
#FFP22#_70.jpg,1
#FFP22#_71.jpg,1
#FFP22#_718.png,1
#FFP22#_72.jpg,1
#FFP22#_73.jpg,1
#FFP22#_74.jpg,1
#FFP22#_76.jpg,1
#FFP22#_78.jpg,1
#FFP22#_8.jpg,1
#FFP22#_81.jpg,1
#FFP22#_816.jpg,1
#FFP22#_84.jpg,1
#FFP22#_845.jpg,1
#FFP22#_9.jpg,1
#FFP22#_91.jpg,1
#N95#_10.jpg,1
#N95#_106.jpg,1
#N95#_108.jpg,1
#N95#_109.jpg,1
#N95#_11.jpg,1
#N95#_112.jpg,1
#N95#_114.jpg,1
#N95#_115.png,1
#N95#_119.jpg,1
#N95#_120.jpg,1
#N95#_123.jpg,1
#N95#_127.jpg,1
#N95#_13.jpg,1
#N95#_133.jpg,1
#N95#_139.jpg,1
#N95#_141.jpg,1
#N95#_143.jpg,1
#N95#_146.jpg,1
#N95#_158.jpg,1
#N95#_160.jpg,1
#N95#_161.jpg,1
#N95#_162.jpg,1
#N95#_164.jpg,1
#N95#_17.jpg,1
#N95#_181.jpg,1
#N95#_183.jpg,1
#N95#_187.jpg,1
#N95#_188.jpg,1
#N95#_19.jpg,1
#N95#_192.jpg,1
#N95#_194.jpg,1
#N95#_197.jpg,1
#N95#_199.jpg,1
#N95#_2.jpg,1
#N95#_203.jpg,1
#N95#_215.jpg,1
#N95#_223.jpg,1
#N95#_228.jpg,1
#N95#_230.png,1
#N95#_231.jpg,1
#N95#_232.png,1
#N95#_245.jpg,1
#N95#_247.jpg,1
#N95#_248.jpg,1
#N95#_253.jpg,1
#N95#_254.jpg,1
#N95#_277.jpg,1
#N95#_280.jpg,1
#N95#_282.jpg,1
#N95#_283.jpg,1
#N95#_284.jpg,1
#N95#_285.jpg,1
#N95#_286.jpg,1
#N95#_291.jpg,1
#N95#_296.jpg,1
#N95#_297.jpg,1
#N95#_315.jpg,1
#N95#_318.jpg,1
#N95#_323.jpg,1
#N95#_324.jpg,1
#N95#_329.jpg,1
#N95#_330.jpg,1
#N95#_331.jpg,1
#N95#_340.jpg,1
#N95#_352.jpg,1
#N95#_36.jpg,1
#N95#_367.png,1
#N95#_384.png,1
#N95#_386.jpg,1
#N95#_387.jpg,1
#N95#_389.jpg,1
#N95#_390.jpg,1
#N95#_391.jpg,1
#N95#_408.jpg,1
#N95#_420.jpg,1
#N95#_421.jpg,1
#N95#_427.jpg,1
#N95#_434.jpg,1
#N95#_458.jpg,1
#N95#_466.jpg,1
#N95#_476.jpg,1
#N95#_477.jpg,1
#N95#_492.jpg,1
#N95#_52.jpg,1
#N95#_522.jpg,1
#N95#_533.jpg,1
#N95#_552.png,1
#N95#_555.png,1
#N95#_558.jpg,1
#N95#_588.png,1
#N95#_59.jpg,1
#N95#_61.jpg,1
#N95#_65.jpg,1
#N95#_66.jpg,1
#N95#_67.jpg,1
#N95#_7.jpg,1
#N95#_71.jpg,1
#N95#_74.jpg,1
#N95#_751.jpg,1
#N95#_773.jpg,1
#N95#_78.jpg,1
#N95#_79.jpg,1
#N95#_79.png,1
#N95#_8.jpg,1
#N95#_80.jpg,1
#N95#_81.jpg,1
#N95#_811.jpg,1
#N95#_816.png,1
#N95#_85.jpg,1
#N95#_86.jpg,1
#N95#_9.jpg,1
#N95#_90.jpg,1
#N95#_95.jpg,1
#surgical_mask#_118.jpg,1
#valveN95#_564.jpg,1
#valveN95#_582.jpg,1
0003.jpg,1
0166.jpg,1
0614.jpg,1
0678.jpg,1
0688.jpg,1
0792.jpg,1
0934.png,1
0_0_10 copy 7.jpg,1
1058.jpg,1
1096.jpg,1
1133.jpg,1
1136.jpg,1
1279.jpg,1
1492.jpg,1
1493.jpg,1
1558.png,1
1576.jpg,1
1803.jpg,1
1804.jpg,1
1879.jpg,1
2578.png,1
2705.png,1
3092.png,1
3336.png,1
3671.png,1
3706.png,1
3926.png,1
4065.png,1
4413.png,1
4617.png,1
5017.jpg,1
train_00000014.jpg,1
train_00000019.jpg,1
train_00000205.jpg,1
train_00000220.jpg,1
train_00000222.jpg,1
train_00000693.jpg,1
train_00000829.jpg,1
train_00000831.jpg,1
train_00001811.jpg,1
train_00002651.jpg,1
train_00002656.jpg,1
train_00002771.jpg,1
train_00002773.jpg,1
train_00003678.jpg,1
train_00003708.jpg,1
train_00003973.jpg,1
train_00004025.jpg,1
train_00004172.jpg,1
train_00004241.jpg,1
train_00005846.jpg,1
train_00005889.jpg,1
train_00006445.jpg,1
train_00007426.jpg,1
train_00007427.jpg,1
train_00008927.jpg,1
train_00009904.jpg,1
train_00010557.jpg,1
train_00010919.jpg,1
train_00010936.jpg,1
train_00011476.jpg,1
train_00011614.jpg,1
train_00011830.jpg,1
train_00012268.jpg,1
train_00012598.jpg,1
train_00012738.jpg,1
train_00014387.jpg,1
train_00014596.jpg,1
train_00016348.jpg,1
train_00017128.jpg,1
train_00017470.jpg,1
train_00017546.jpg,1
train_00017645.jpg,1
train_00017749.jpg,1
train_00017821.jpg,1
train_00017856.jpg,1
train_00017978.jpg,1
train_00018165.jpg,1
train_00019107.jpg,1
train_00022115.jpg,1
train_00023646.jpg,1
train_00023756.jpg,1
train_00023869.jpg,1
train_00023886.jpg,1
train_00023947.jpg,1
train_00023949.jpg,1
train_00024218.jpg,1
train_00025208.jpg,1
train_00025494.jpg,1
with_mask235.jpg,1
with_mask237.jpg,1
with_mask316.jpg,1
with_mask352.jpg,1
with_mask382.jpg,1
yell1.jpg,1
#valveN95#_108.jpg,2
#valveN95#_112.jpg,2
#valveN95#_113.jpg,2
#valveN95#_124.jpg,2
#valveN95#_13.jpg,2
#valveN95#_131.jpg,2
#valveN95#_171.jpg,2
#valveN95#_205.jpg,2
#valveN95#_206.png,2
#valveN95#_209.jpg,2
#valveN95#_220.jpg,2
#valveN95#_237.jpg,2
#valveN95#_240.jpg,2
#valveN95#_250.jpg,2
#valveN95#_263.jpg,2
#valveN95#_266.jpg,2
#valveN95#_270.jpg,2
#valveN95#_275.jpg,2
#valveN95#_277.jpg,2
#valveN95#_307.jpg,2
#valveN95#_325.jpg,2
#valveN95#_364.jpg,2
#valveN95#_380.jpg,2
#valveN95#_383.jpg,2
#valveN95#_387.png,2
#valveN95#_404.jpg,2
#valveN95#_41.jpg,2
#valveN95#_411.jpg,2
#valveN95#_44.jpg,2
#valveN95#_468.jpg,2
#valveN95#_472.jpg,2
#valveN95#_473.jpg,2
#valveN95#_474.jpg,2
#valveN95#_484.jpg,2
#valveN95#_504.jpg,2
#valveN95#_508.jpg,2
#valveN95#_515.jpg,2
#valveN95#_516.jpg,2
#valveN95#_520.jpg,2
#valveN95#_521.jpg,2
#valveN95#_523.jpg,2
#valveN95#_528.jpg,2
#valveN95#_530.jpg,2
#valveN95#_535.jpg,2
#valveN95#_548.jpg,2
#valveN95#_552.jpg,2
#valveN95#_608.jpg,2
#valveN95#_61.jpg,2
#valveN95#_618.jpg,2
#valveN95#_640.jpg,2
#valveN95#_662.jpg,2
#valveN95#_669.jpg,2
#valveN95#_670.jpg,2
#valveN95#_671.jpg,2
#valveN95#_691.jpg,2
#valveN95#_725.jpg,2
#valveN95#_742.jpg,2
#valveN95#_75.jpg,2
#valveN95#_754.jpg,2
#valveN95#_756.jpg,2
#valveN95#_788.jpg,2
#valveN95#_81.jpg,2
#valveN95#_855.jpg,2
#valveN95#_887.jpg,2
#valveN95#_98.jpg,2
0197.png,2
0998.jpg,2
0_0_0 copy 95.jpg,2
0_0_0 copy 97.jpg,2
102.jpg,2
103.jpg,2
104.jpg,2
107.jpg,2
108.jpg,2
1083.jpg,2
109.jpg,2
112.jpg,2
113.jpg,2
114.jpg,2
117.jpg,2
118.png,2
83.jpg,2
86.jpg,2
87.jpg,2
88.jpg,2
91.jpg,2
92.jpg,2
93.jpg,2
97.png,2
98.jpg,2
NV0.jpg,2
NV1.jpg,2
NV10.jpg,2
NV101.jpg,2
NV102.jpg,2
NV103.jpg,2
NV104.jpg,2
NV105.jpg,2
NV106.jpg,2
NV107.jpg,2
NV108.jpg,2
NV109.jpg,2
NV11.jpg,2
NV110.jpg,2
NV111.jpg,2
NV112.jpg,2
NV113.jpg,2
NV114.jpg,2
NV115.jpg,2
NV116.jpg,2
NV117.jpg,2
NV118.jpg,2
NV119.jpg,2
NV12.jpg,2
NV120.jpg,2
NV121.jpg,2
NV122.jpg,2
NV123.png,2
NV124.jpg,2
NV125.png,2
NV126.jpg,2
NV127.jpg,2
NV128.jpg,2
NV129.jpg,2
NV13.jpg,2
NV130.jpg,2
NV131.jpg,2
NV132.jpg,2
NV133.jpg,2
NV134.jpg,2
NV135.jpg,2
NV136.jpg,2
NV137.jpg,2
NV138.jpg,2
NV139.jpg,2
NV14.jpg,2
NV140.png,2
NV141.jpg,2
NV143.jpg,2
NV144.jpg,2
NV145.jpg,2
NV146.jpg,2
NV147.jpg,2
NV149.jpg,2
NV15.jpg,2
NV150.jpg,2
NV151.jpg,2
NV152.jpg,2
NV153.jpg,2
NV154.jpg,2
NV156.png,2
NV157.png,2
NV16.jpg,2
NV17.jpg,2
NV18.jpg,2
NV19.jpg,2
NV2.jpg,2
NV20.jpg,2
NV21.jpg,2
NV22.jpg,2
NV23.jpg,2
NV24.jpg,2
NV25.jpg,2
NV26.jpg,2
NV27.jpg,2
NV28.jpg,2
NV29.jpg,2
NV3.jpg,2
NV30.jpg,2
NV31.jpg,2
NV32.jpg,2
NV33.jpg,2
NV34.jpg,2
NV35.jpg,2
NV36.jpg,2
NV37.jpg,2
NV38.jpg,2
NV39.jpg,2
NV4.jpg,2
NV40.jpg,2
NV41.jpg,2
NV42.jpg,2
NV43.jpg,2
NV44.jpg,2
NV45.jpg,2
NV46.jpg,2
NV47.jpg,2
NV48.jpg,2
NV49.jpg,2
NV5.jpg,2
NV50.jpg,2
NV51.jpg,2
NV52.jpg,2
NV53.jpg,2
NV54.jpg,2
NV55.jpg,2
NV56.jpg,2
NV57.jpg,2
NV6.jpg,2
NV7.jpg,2
NV75.jpg,2
NV76.jpg,2
NV77.jpg,2
NV78.jpg,2
NV79.jpg,2
NV8.jpg,2
NV80.jpg,2
NV81.jpg,2
NV82.jpg,2
NV83.jpg,2
NV84.jpg,2
NV85.jpg,2
NV86.png,2
NV87.jpg,2
NV88.png,2
NV89.jpg,2
NV9.jpg,2
NV90.jpg,2
NV91.jpg,2
NV92.jpg,2
NV93.jpg,2
NV94.jpg,2
NV95.jpg,2
NV96.jpg,2
NV97.png,2
NV98.jpg,2
NV99.jpg,2
train_00001307.jpg,2
train_00001589.jpg,2
train_00001735.jpg,2
train_00001771.jpg,2
train_00001813.jpg,2
train_00001995.jpg,2
train_00002204.jpg,2
train_00002501.jpg,2
train_00002629.jpg,2
train_00002715.jpg,2
train_00002763.jpg,2
train_00002910.jpg,2
train_00003016.jpg,2
train_00003026.jpg,2
train_00003315.jpg,2
train_00003416.jpg,2
train_00003643.jpg,2
train_00003672.jpg,2
train_00003673.jpg,2
train_00003675.jpg,2
train_00003704.jpg,2
train_00003909.jpg,2
train_00003918.jpg,2
train_00004303.jpg,2
train_00004360.jpg,2
train_00005486.jpg,2
train_00006257.jpg,2
train_00013114.jpg,2
train_00013130.jpg,2
train_00013171.jpg,2
train_00013284.jpg,2
train_00013530.jpg,2
train_00013914.jpg,2
train_00014767.jpg,2
train_00014810.jpg,2
train_00015004.jpg,2
train_00015009.jpg,2
train_00015020.jpg,2
train_00015261.jpg,2
train_00015698.jpg,2
train_00016520.jpg,2
train_00016757.jpg,2
train_00016862.jpg,2
train_00017059.jpg,2
train_00017515.jpg,2
train_00017732.jpg,2
train_00017751.jpg,2
train_00017869.jpg,2
train_00018486.jpg,2
train_00019325.jpg,2
train_00020089.jpg,2
train_00020214.jpg,2
train_00020629.jpg,2
train_00021888.jpg,2
train_00021940.jpg,2
train_00022350.jpg,2
train_00023606.jpg,2
train_00023621.jpg,2
train_00023659.jpg,2
train_00023701.jpg,2
train_00023914.jpg,2
train_00023945.jpg,2
train_00023968.jpg,2
train_00024251.jpg,2
train_00024365.jpg,2
train_00025152.jpg,2
train_00025715.jpg,2
#cloth mask#_120.jpg,3
#surgical_mask#_0.jpg,3
#surgical_mask#_1.jpg,3
#surgical_mask#_10.jpg,3
#surgical_mask#_102.jpg,3
#surgical_mask#_107.jpg,3
#surgical_mask#_109.jpg,3
#surgical_mask#_11.jpg,3
#surgical_mask#_115.jpg,3
#surgical_mask#_116.jpg,3
#surgical_mask#_120.jpg,3
#surgical_mask#_124.jpg,3
#surgical_mask#_125.jpg,3
#surgical_mask#_127.jpg,3
#surgical_mask#_129.jpg,3
#surgical_mask#_13.jpg,3
#surgical_mask#_131.jpg,3
#surgical_mask#_14.jpg,3
#surgical_mask#_141.jpg,3
#surgical_mask#_142.jpg,3
#surgical_mask#_143.jpg,3
#surgical_mask#_144.jpg,3
#surgical_mask#_154.jpg,3
#surgical_mask#_159.jpg,3
#surgical_mask#_161.jpg,3
#surgical_mask#_169.jpg,3
#surgical_mask#_18.jpg,3
#surgical_mask#_182.jpg,3
#surgical_mask#_19.jpg,3
#surgical_mask#_191.jpg,3
#surgical_mask#_196.jpg,3
#surgical_mask#_197.jpg,3
#surgical_mask#_2.jpg,3
#surgical_mask#_201.jpg,3
#surgical_mask#_21.jpg,3
#surgical_mask#_210.jpg,3
#surgical_mask#_212.jpg,3
#surgical_mask#_213.jpg,3
#surgical_mask#_216.jpg,3
#surgical_mask#_217.jpg,3
#surgical_mask#_22.jpg,3
#surgical_mask#_225.jpg,3
#surgical_mask#_230.jpg,3
#surgical_mask#_236.jpg,3
#surgical_mask#_238.jpg,3
#surgical_mask#_24.jpg,3
#surgical_mask#_247.jpg,3
#surgical_mask#_248.jpg,3
#surgical_mask#_25.jpg,3
#surgical_mask#_257.jpg,3
#surgical_mask#_26.jpg,3
#surgical_mask#_268.jpg,3
#surgical_mask#_269.jpg,3
#surgical_mask#_27.jpg,3
#surgical_mask#_277.jpg,3
#surgical_mask#_28.jpg,3
#surgical_mask#_280.jpg,3
#surgical_mask#_281.jpg,3
#surgical_mask#_3.jpg,3
#surgical_mask#_301.jpg,3
#surgical_mask#_31.jpg,3
#surgical_mask#_34.jpg,3
#surgical_mask#_343.jpg,3
#surgical_mask#_36.jpg,3
#surgical_mask#_38.jpg,3
#surgical_mask#_39.jpg,3
#surgical_mask#_4.jpg,3
#surgical_mask#_44.jpg,3
#surgical_mask#_440.jpg,3
#surgical_mask#_455.jpg,3
#surgical_mask#_459.jpg,3
#surgical_mask#_46.jpg,3
#surgical_mask#_54.jpg,3
#surgical_mask#_6.jpg,3
#surgical_mask#_62.jpg,3
#surgical_mask#_7.jpg,3
#surgical_mask#_71.jpg,3
#surgical_mask#_73.jpg,3
#surgical_mask#_74.jpg,3
#surgical_mask#_75.jpg,3
#surgical_mask#_76.jpg,3
#surgical_mask#_77.jpg,3
#surgical_mask#_78.jpg,3
#surgical_mask#_79.jpg,3
#surgical_mask#_81.jpg,3
#surgical_mask#_82.jpg,3
#surgical_mask#_83.jpg,3
#surgical_mask#_85.jpg,3
#surgical_mask#_86.jpg,3
#surgical_mask#_87.jpg,3
#surgical_mask#_88.jpg,3
#surgical_mask#_9.jpg,3
#surgical_mask#_91.jpg,3
#surgical_mask#_95.jpg,3
#surgical_mask#_96.jpg,3
#surgical_mask#_97.jpg,3
#surgical_mask2#_0.jpg,3
#surgical_mask2#_1.jpg,3
#surgical_mask2#_101.jpg,3
#surgical_mask2#_107.jpg,3
#surgical_mask2#_108.jpg,3
#surgical_mask2#_109.jpg,3
#surgical_mask2#_11.jpg,3
#surgical_mask2#_110.jpg,3
#surgical_mask2#_111.jpg,3
#surgical_mask2#_117.jpg,3
#surgical_mask2#_118.jpg,3
#surgical_mask2#_119.jpg,3
#surgical_mask2#_121.jpg,3
#surgical_mask2#_122.jpg,3
#surgical_mask2#_123.jpg,3
#surgical_mask2#_124.jpg,3
#surgical_mask2#_125.jpg,3
#surgical_mask2#_13.jpg,3
#surgical_mask2#_130.jpg,3
#surgical_mask2#_132.jpg,3
#surgical_mask2#_14.jpg,3
#surgical_mask2#_140.jpg,3
#surgical_mask2#_143.jpg,3
#surgical_mask2#_147.jpg,3
#surgical_mask2#_148.jpg,3
#surgical_mask2#_15.jpg,3
#surgical_mask2#_151.jpg,3
#surgical_mask2#_152.jpg,3
#surgical_mask2#_153.jpg,3
#surgical_mask2#_158.jpg,3
#surgical_mask2#_16.jpg,3
#surgical_mask2#_18.jpg,3
#surgical_mask2#_180.jpg,3
#surgical_mask2#_183.jpg,3
#surgical_mask2#_184.jpg,3
#surgical_mask2#_23.jpg,3
#surgical_mask2#_27.jpg,3
#surgical_mask2#_31.jpg,3
#surgical_mask2#_32.jpg,3
#surgical_mask2#_39.jpg,3
#surgical_mask2#_40.jpg,3
#surgical_mask2#_41.jpg,3
#surgical_mask2#_43.jpg,3
#surgical_mask2#_5.jpg,3
#surgical_mask2#_53.jpg,3
#surgical_mask2#_60.jpg,3
#surgical_mask2#_61.jpg,3
#surgical_mask2#_62.jpg,3
#surgical_mask2#_64.jpg,3
#surgical_mask2#_66.jpg,3
#surgical_mask2#_67.jpg,3
#surgical_mask2#_7.jpg,3
#surgical_mask2#_72.jpg,3
#surgical_mask2#_74.jpg,3
#surgical_mask2#_78.jpg,3
#surgical_mask2#_8.jpg,3
#surgical_mask2#_82.jpg,3
#surgical_mask2#_9.jpg,3
#surgical_mask2#_90.jpg,3
#surgical_mask2#_92.jpg,3
#surgical_mask2#_94.jpg,3
#surgical_mask2#_96.jpg,3
#surgical_mask2#_97.jpg,3
0004.jpg,3
0027.jpg,3
0057.jpg,3
0058.jpg,3
0059.jpg,3
0062.jpg,3
0100.jpg,3
0119.jpg,3
0127.jpg,3
0128.png,3
0129.png,3
0131.jpg,3
0153.jpg,3
0160.jpg,3
0161.jpg,3
0164.jpg,3
0170.jpg,3
0190.jpg,3
0206.jpg,3
0211.jpg,3
0240.jpg,3
0257.jpg,3
0269.jpg,3
0273.jpg,3
0277.jpg,3
0286.jpg,3
0295.jpg,3
0300.jpg,3
0342.jpg,3
0346.jpg,3
0395.jpg,3
0428.jpg,3
0473.png,3
0498.jpg,3
0510.jpg,3
0544.jpg,3
0545.jpg,3
0558.jpg,3
0561.jpg,3
0577.jpg,3
0582.jpg,3
0629.jpg,3
0646.jpg,3
0763.jpg,3
0769.jpg,3
0780.jpg,3
0782.jpg,3
0791.jpg,3
0813.jpg,3
0824.jpg,3
0831.jpg,3
0837.jpg,3
0847.jpg,3
0849.jpg,3
0911.jpg,3
0950.jpg,3
0953.jpg,3
0954.jpg,3
0989.jpg,3
1039.jpg,3
1068.png,3
1087.jpg,3
1195.jpg,3
1234.jpg,3
1236.jpg,3
1246.jpg,3
1264.jpg,3
1280.jpg,3
1291.jpg,3
1294.jpg,3
1346.jpg,3
1361.jpg,3
1364.jpg,3
1369.jpg,3
1383.jpg,3
1439.jpg,3
1456.jpg,3
1462.jpg,3
1473.jpg,3
1554.jpg,3
1568.jpg,3
1569.jpg,3
1574.jpg,3
1583.jpg,3
1626.jpg,3
1635.jpg,3
1637.jpg,3
1642.jpg,3
1843.jpg,3
1885.jpg,3
1891.jpg,3
1954.jpg,3
2182.png,3
2187.png,3
2215.png,3
2396.png,3
2580.png,3
2650.png,3
2659.png,3
2704.png,3
2766.png,3
2768.png,3
2774.png,3
2839.png,3
3032.png,3
3161.png,3
3251.png,3
3339.png,3
3439.png,3
3487.png,3
3674.png,3
3713.png,3
3834.png,3
3840.png,3
3876.png,3
3949.png,3
3957.png,3
3999.png,3
4293.png,3
4333.png,3
4503.png,3
4528.png,3
4558.png,3
4571.png,3
4734.png,3
4970.png,3
4983.png,3
4994.jpg,3
5016.jpg,3
5020.jpg,3
5067.jpg,3
5167.jpg,3
5186.jpg,3
5635.jpg,3
maksssksksss142.png,3
maksssksksss196.png,3
maksssksksss197.png,3
maksssksksss25.png,3
maksssksksss254.png,3
maksssksksss349.png,3
maksssksksss465.png,3
maksssksksss600.png,3
maksssksksss733.png,3
train_00000131.jpg,3
train_00000289.jpg,3
train_00000349.jpg,3
train_00000373.jpg,3
train_00000384.jpg,3
train_00000391.jpg,3
train_00000416.jpg,3
train_00000422.jpg,3
train_00000449.jpg,3
train_00000477.jpg,3
train_00000486.jpg,3
train_00000487.jpg,3
train_00000618.jpg,3
train_00000619.jpg,3
train_00000660.jpg,3
train_00000710.jpg,3
train_00000719.jpg,3
train_00000819.jpg,3
train_00000837.jpg,3
train_00000881.jpg,3
train_00000886.jpg,3
train_00001086.jpg,3
train_00001122.jpg,3
train_00001180.jpg,3
train_00001223.jpg,3
train_00001515.jpg,3
train_00001963.jpg,3
train_00002132.jpg,3
train_00002189.jpg,3
train_00002223.jpg,3
train_00002452.jpg,3
train_00002471.jpg,3
train_00002475.jpg,3
train_00002485.jpg,3
train_00002516.jpg,3
train_00002955.jpg,3
train_00014226.jpg,3
train_00014238.jpg,3
train_00014240.jpg,3
train_00014269.jpg,3
train_00014369.jpg,3
train_00014644.jpg,3
train_00014819.jpg,3
train_00015124.jpg,3
train_00015608.jpg,3
train_00015972.jpg,3
train_00016459.jpg,3
train_00017228.jpg,3
train_00018215.jpg,3
train_00018229.jpg,3
train_00018416.jpg,3
train_00019273.jpg,3
train_00019308.jpg,3
train_00019388.jpg,3
train_00019527.jpg,3
train_00020258.jpg,3
train_00020517.jpg,3
train_00023298.jpg,3
train_00023586.jpg,3
train_00023763.jpg,3
train_00023765.jpg,3
train_00023846.jpg,3
train_00024221.jpg,3
train_00024245.jpg,3
train_00024247.jpg,3
train_00024860.jpg,3
train_00025415.jpg,3
train_00025645.jpg,3
#NMAF#_14.jpg,4
#NMAF#_18.jpg,4
#NMAF#_19.jpg,4
#NMAF#_20.jpg,4
#NMAF#_21.jpg,4
#NMAF#_23.jpg,4
#NMAF#_27.jpg,4
#NMAF#_31.jpg,4
#NMAF#_35.jpg,4
#NMAF#_39.jpg,4
#NMAF#_4.jpg,4
#NMAF#_40.jpg,4
#NMAF#_49.jpg,4
#NMAF#_51.jpg,4
#NMAF#_54.jpg,4
#NMAF#_56.jpg,4
#NMAF#_58.jpg,4
#NMAF#_59.jpg,4
#NMAF#_66.jpg,4
#NMAF#_67.jpg,4
#NMAF#_7.jpg,4
#NMAF#_8.jpg,4
#NMAM#_12.jpg,4
#NMAM#_126.jpg,4
#NMAM#_128.jpg,4
#NMAM#_132.jpg,4
#NMAM#_135.jpg,4
#NMAM#_16.png,4
#NMAM#_2.jpg,4
#NMAM#_21.jpg,4
#NMAM#_22.jpg,4
#NMAM#_34.jpg,4
#NMAM#_35.jpg,4
#NMAM#_39.jpg,4
#NMAM#_42.jpg,4
#NMAM#_55.jpg,4
#NMAM#_57.jpg,4
#NMAM#_59.jpg,4
#NMAM#_7.jpg,4
#NMAM#_75.jpg,4
#NMAM#_92.jpg,4
#NMAM#_96.jpg,4
#NMAM#_98.png,4
17_1_4_20170103212235036.jpg,4
18_0_3_20170104230248073.jpg,4
18_1_2_20170103223049176.jpg,4
18_1_2_20170105183420463.jpg,4
18_1_4_20170103223304623.jpg,4
18_1_4_20170103224632313.jpg,4
19_0_3_20170104214230141.jpg,4
19_1_3_20170104231453195.jpg,4
1_0_0_20161219194756275.jpg,4
1_0_2_20161219201312292.jpg,4
1_0_3_20161219224706847.jpg,4
1_1_0_20161219205428229.jpg,4
1_1_3_20161219225008799.jpg,4
1_1_4_20170103212653844.jpg,4
20_0_0_20170105161706251.jpg,4
20_1_3_20170104231456714.jpg,4
20_1_4_20161223230050564.jpg,4
20_1_4_20161223230110540.jpg,4
20_1_4_20161223230115267.jpg,4
20_1_4_20170103223033527.jpg,4
20_1_4_20170103223401848.jpg,4
20_1_4_20170104005353062.jpg,4
21_0_0_20170103223223127.jpg,4
21_0_4_20161223214838473.jpg,4
21_0_4_20170103210434754.jpg,4
21_0_4_20170103223143358.jpg,4
21_1_3_20170104231324474.jpg,4
21_1_3_20170104231602346.jpg,4
21_1_4_20170103223240255.jpg,4
21_1_4_20170103223244111.jpg,4
21_1_4_20170103223249191.jpg,4
21_1_4_20170103224431735.jpg,4
21_1_4_20170103224936983.jpg,4
21_1_4_20170103233920299.jpg,4
21_1_4_20170103234037067.jpg,4
21_1_4_20170104005731615.jpg,4
22_0_0_20170104003948607.jpg,4
22_0_0_20170104230045815.jpg,4
22_0_0_20170110231835011.jpg,4
22_0_4_20170103210108168.jpg,4
22_1_2_20161219153940196.jpg,4
22_1_3_20170104214416853.jpg,4
22_1_3_20170104231709097.jpg,4
22_1_3_20170104231720114.jpg,4
22_1_3_20170104232533912.jpg,4
22_1_4_20170103180220911.jpg,4
22_1_4_20170103212717246.jpg,4
22_1_4_20170103223216583.jpg,4
22_1_4_20170103224814016.jpg,4
22_1_4_20170103225112465.jpg,4
22_1_4_20170103233803763.jpg,4
23_1_0_20170103223610503.jpg,4
23_1_1_20170102233446754.jpg,4
23_1_3_20170104220147782.jpg,4
23_1_4_20170103223600551.jpg,4
23_1_4_20170103223618431.jpg,4
24_0_0_20170104230201657.jpg,4
24_1_0_20170103225156008.jpg,4
24_1_3_20170104215645565.jpg,4
24_1_3_20170104222401271.jpg,4
24_1_3_20170104231426665.jpg,4
24_1_3_20170104234822506.jpg,4
24_1_4_20170102233433610.jpg,4
24_1_4_20170103224843361.jpg,4
24_1_4_20170103224910931.jpg,4
24_1_4_20170104005617062.jpg,4
25_0_0_20170104214616710.jpg,4
25_0_3_20170104214432805.jpg,4
25_1_0_20170104165326705.jpg,4
25_1_1_20170103230312265.jpg,4
25_1_2_20161219194224315.jpg,4
25_1_3_20170104231305129.jpg,4
25_1_3_20170104231357826.jpg,4
25_1_3_20170104231501635.jpg,4
25_1_3_20170104232046530.jpg,4
25_1_4_20170103224747408.jpg,4
25_1_4_20170103225922392.jpg,4
26_0_0_20170104165824281.jpg,4
26_0_0_20170104230421569.jpg,4
26_0_1_20170103180959080.jpg,4
26_0_1_20170105183906447.jpg,4
26_0_2_20161219191301043.jpg,4
26_0_3_20170104214717941.jpg,4
26_0_3_20170104232129634.jpg,4
26_0_4_20170103224832945.jpg,4
26_1_0_20170105163517523.jpg,4
26_1_2_20170103181524137.jpg,4
26_1_2_20170104022244853.jpg,4
26_1_3_20170104215629245.jpg,4
26_1_3_20170104232150859.jpg,4
26_1_3_20170104232420017.jpg,4
26_1_3_20170104232550697.jpg,4
26_1_4_20170103225002166.jpg,4
26_1_4_20170103225117416.jpg,4
26_1_4_20170103225125224.jpg,4
26_1_4_20170103225204177.jpg,4
27_0_0_20170104171511929.jpg,4
27_0_0_20170105164657988.jpg,4
27_0_2_20161219194038690.jpg,4
27_0_2_20170104011250152.jpg,4
27_0_2_20170104192852607.jpg,4
27_0_4_20170103235026964.jpg,4
27_1_3_20170104231620409.jpg,4
27_1_4_20170103223631359.jpg,4
27_1_4_20170103230157624.jpg,4
27_1_4_20170103230450385.jpg,4
28_0_0_20170105162616443.jpg,4
28_0_2_20161219192654931.jpg,4
28_0_2_20170107212142294.jpg,4
28_0_3_20170104194548120.jpg,4
28_0_3_20170104220237582.jpg,4
28_0_3_20170104232432992.jpg,4
28_1_0_20170103182323771.jpg,4
28_1_0_20170105000649036.jpg,4
28_1_0_20170105162423130.jpg,4
28_1_0_20170105162552899.jpg,4
28_1_1_20170105003322373.jpg,4
28_1_1_20170109132733613.jpg,4
28_1_2_20170105162418251.jpg,4
28_1_3_20170104220307950.jpg,4
28_1_4_20170103225940625.jpg,4
29_0_0_20170104165947522.jpg,4
29_0_0_20170104235501676.jpg,4
29_1_0_20170103181717184.jpg,4
29_1_1_20170103181030152.jpg,4
29_1_1_20170103183648691.jpg,4
29_1_3_20170104232728113.jpg,4
29_1_3_20170109141114301.jpg,4
29_1_4_20170104165318736.jpg,4
29_1_4_20170104165735505.jpg,4
2_1_4_20170103210830609.jpg,4
2_1_4_20170103210839634.jpg,4
30_0_0_20170104201459001.jpg,4
30_0_0_20170104201611041.jpg,4
30_0_0_20170105164559132.jpg,4
30_0_0_20170105170132300.jpg,4
30_0_3_20170104220333766.jpg,4
30_1_0_20170104185704638.jpg,4
30_1_3_20170104214339133.jpg,4
30_1_3_20170104215635846.jpg,4
30_1_3_20170104231521681.jpg,4
30_1_3_20170104231945705.jpg,4
30_1_4_20170103213106156.jpg,4
30_1_4_20170103230515409.jpg,4
31_0_0_20170105163411563.jpg,4
31_0_0_20170105173759693.jpg,4
31_0_4_20170103235207122.jpg,4
31_1_0_20170103163445702.jpg,4
31_1_0_20170103182729649.jpg,4
31_1_0_20170109132941538.jpg,4
31_1_2_20161219201356940.jpg,4
31_1_2_20170109003538257.jpg,4
31_1_3_20170109132020731.jpg,4
32_0_0_20170104165226793.jpg,4
32_0_0_20170104202215275.jpg,4
32_0_0_20170104203059659.jpg,4
32_0_2_20170105162228515.jpg,4
32_0_4_20170105163336092.jpg,4
32_1_0_20170103180822745.jpg,4
32_1_0_20170104165907161.jpg,4
32_1_0_20170105002717213.jpg,4
32_1_0_20170108224936101.jpg,4
32_1_3_20170109142352309.jpg,4
33_0_2_20170109002851300.jpg,4
34_0_0_20170104170338177.jpg,4
34_0_0_20170104181316780.jpg,4
34_0_2_20170104202320617.jpg,4
34_1_0_20170104174537956.jpg,4
34_1_0_20170105164257004.jpg,4
34_1_0_20170109004755204.jpg,4
34_1_2_20170104172537171.jpg,4
35_0_0_20170104181243711.jpg,4
35_0_0_20170105163947659.jpg,4
35_0_0_20170105164824674.jpg,4
35_0_1_20170108224707492.jpg,4
35_0_3_20170104220303838.jpg,4
35_1_4_20170109003348401.jpg,4
36_0_0_20170104201829601.jpg,4
36_0_0_20170105170234235.jpg,4
36_0_0_20170108235343740.jpg,4
36_0_3_20170105180749864.jpg,4
36_1_0_20170104172916913.jpg,4
36_1_0_20170104174248859.jpg,4
36_1_0_20170105001300131.jpg,4
36_1_2_20170105172631405.jpg,4
36_1_4_20170105001244316.jpg,4
37_0_3_20170104232806122.jpg,4
37_0_4_20170104205837940.jpg,4
37_1_0_20170104165756313.jpg,4
37_1_0_20170104194539720.jpg,4
38_0_0_20170105163932764.jpg,4
38_0_2_20170105170207172.jpg,4
38_0_4_20170103230436562.jpg,4
38_1_0_20170103163517069.jpg,4
38_1_0_20170104183625399.jpg,4
38_1_0_20170104201618841.jpg,4
38_1_0_20170109002805707.jpg,4
38_1_3_20170104232742666.jpg,4
39_0_0_20170104183807637.jpg,4
39_0_0_20170104204804020.jpg,4
39_0_4_20170104200827073.jpg,4
39_1_0_20170103183137809.jpg,4
39_1_0_20170103184109643.jpg,4
39_1_0_20170105000920922.jpg,4
39_1_0_20170105164709185.jpg,4
39_1_1_20170104174036250.jpg,4
3_0_0_20170103210954356.jpg,4
3_1_2_20161219160306229.jpg,4
3_1_2_20161219191000844.jpg,4
3_1_2_20161219192632514.jpg,4
40_0_0_20170104201930209.jpg,4
40_0_0_20170104205037859.jpg,4
40_0_3_20170104203137444.jpg,4
40_0_3_20170109003040502.jpg,4
40_1_0_20170104183630718.jpg,4
41_0_0_20170109012220690.jpg,4
41_0_2_20170104184907998.jpg,4
41_0_2_20170104211935428.jpg,4
41_0_3_20170109140906863.jpg,4
42_0_0_20170104170602137.jpg,4
42_0_3_20170104210357420.jpg,4
42_0_4_20170104174008963.jpg,4
42_0_4_20170104185534278.jpg,4
42_1_0_20170110160632965.jpg,4
43_0_2_20170109005254030.jpg,4
43_1_0_20170103183515393.jpg,4
44_0_2_20170107213715065.jpg,4
44_1_0_20170104171556786.jpg,4
45_0_0_20170104172836234.jpg,4
45_0_0_20170105172822861.jpg,4
45_1_0_20170109221158465.jpg,4
46_1_0_20170104170621792.jpg,4
46_1_0_20170104171626722.jpg,4
46_1_0_20170109142329559.jpg,4
47_0_0_20170104184157446.jpg,4
47_0_0_20170105173116787.jpg,4
47_1_2_20170105173513573.jpg,4
48_1_0_20170110154357405.jpg,4
48_1_3_20170104220351694.jpg,4
49_0_0_20170104213117085.jpg,4
49_1_0_20170104184001972.jpg,4
49_1_0_20170105173159405.jpg,4
49_1_0_20170109142119876.jpg,4
49_1_1_20170104005312671.jpg,4
50_0_0_20170104181517653.jpg,4
50_0_0_20170104202456587.jpg,4
50_0_0_20170104212134308.jpg,4
50_0_0_20170109011120677.jpg,4
50_0_2_20170109012238306.jpg,4
50_0_3_20170105172943629.jpg,4
50_1_0_20170105001410549.jpg,4
50_1_0_20170110143454148.jpg,4
51_0_0_20170104210526204.jpg,4
52_0_0_20170104184400815.jpg,4
52_0_0_20170104212238236.jpg,4
52_0_0_20170111202347090.jpg,4
52_0_0_20170111203528972.jpg,4
52_0_3_20170104214700621.jpg,4
52_0_3_20170104220727902.jpg,4
52_0_3_20170104220829094.jpg,4
52_0_4_20170104212325060.jpg,4
52_1_0_20170103180938968.jpg,4
52_1_0_20170109132305364.jpg,4
52_1_0_20170110122705423.jpg,4
53_0_0_20170105163552388.jpg,4
53_0_0_20170111200627419.jpg,4
53_0_3_20170104220848558.jpg,4
53_1_3_20170109133349734.jpg,4
54_0_0_20170104212509821.jpg,4
54_0_0_20170104212619757.jpg,4
54_0_0_20170105173614957.jpg,4
54_0_3_20170104220912510.jpg,4
54_1_0_20170103183742275.jpg,4
55_0_0_20170111202253255.jpg,4
55_0_2_20170109013414020.jpg,4
56_0_0_20170105175625694.jpg,4
56_0_0_20170109012151633.jpg,4
56_0_0_20170111211431463.jpg,4
56_0_0_20170111222411632.jpg,4
56_1_1_20170105163352795.jpg,4
57_0_3_20170105180627374.jpg,4
57_1_0_20170104201429289.jpg,4
58_0_0_20170104185326934.jpg,4
58_0_0_20170104185347134.jpg,4
58_0_1_20170104185127270.jpg,4
58_0_3_20170104220928390.jpg,4
58_1_0_20170104185710750.jpg,4
58_1_0_20170104212157395.jpg,4
58_1_0_20170105173601797.jpg,4
58_1_3_20170109150757996.jpg,4
59_0_0_20170104212234005.jpg,4
59_0_0_20170105173441604.jpg,4
60_0_0_20170104170240505.jpg,4
60_0_0_20170104185553854.jpg,4
60_1_0_20170110141351728.jpg,4
60_1_0_20170110184058156.jpg,4
60_1_3_20170109141933202.jpg,4
61_0_0_20170104170114128.jpg,4
61_0_3_20170105180813046.jpg,4
61_1_20170109142408075.jpg,4
61_1_3_20170105001450436.jpg,4
62_0_0_20170104172620514.jpg,4
62_0_0_20170104184818725.jpg,4
62_0_0_20170105173715821.jpg,4
62_1_0_20170104183415429.jpg,4
63_0_0_20170104213058630.jpg,4
64_0_0_20170111200155418.jpg,4
65_0_0_20170104185810566.jpg,4
65_1_0_20170110125326249.jpg,4
65_1_0_20170110182002744.jpg,4
66_0_3_20170104213153549.jpg,4
66_1_0_20170110141120112.jpg,4
66_1_0_20170110141312880.jpg,4
67_0_0_20170103184144627.jpg,4
67_0_0_20170104185427710.jpg,4
67_0_0_20170109002521701.jpg,4
67_1_0_20170104170235233.jpg,4
67_1_0_20170110140452381.jpg,4
68_0_0_20170104213632941.jpg,4
68_0_1_20170111194909799.jpg,4
69_0_0_20170104184837071.jpg,4
69_0_1_20170111203711198.jpg,4
69_1_0_20170109150615726.jpg,4
70_1_0_20170110131649566.jpg,4
71_1_0_20170110181315747.jpg,4
72_0_0_20170111222541402.jpg,4
76_0_0_20170111201015692.jpg,4
76_0_0_20170111222424361.jpg,4
77_0_0_20170111202327200.jpg,4
78_0_0_20170111222400611.jpg,4
80_0_0_20170105175505310.jpg,4
80_1_0_20170110131358567.jpg,4
85_0_0_20170110183613267.jpg,4
